# Integration guide redirects (302 because we may replace later)
/guides/integrate/platforms/docker   /docs/setup/installation/platforms/docker   302
/guides/integrate/platforms/kubernetes  /docs/setup/installation/platforms/kubernetes   302
/guides/integrate/sinks/*   /docs/reference/configuration/sinks/:splat   302
/guides/integrate/sources/*   /docs/reference/configuration/sources/:splat   302
/guides/integrate/transforms/*   /docs/reference/configuration/transforms/:splat   302

# Other redirects (301 because permanent)
/docs/about/data-model/*   /docs/about/under-the-hood/architecture/data-model/:splat   301
/docs/components/*   /docs/reference/:splat   301
/docs/reference/sinks/*   /docs/reference/configuration/sinks/:splat   301
/docs/reference/sources/*   /docs/reference/configuration/sources/:splat   301
/docs/reference/transforms/*   /docs/reference/configuration/transforms/:splat   301
/docs/setup/deployment/roles/agent   /docs/setup/deployment/roles/#agent   301
/docs/setup/deployment/roles/service   /docs/setup/deployment/roles/#aggregator   301
/docs/setup/deployment/roles/aggregator   /docs/setup/deployment/roles/#aggregator   301
/docs/setup/installation/deployment/roles/agent   /docs/setup/installation/deployment/roles/#agent   301
/docs/setup/installation/deployment/roles/service   /docs/setup/installation/deployment/roles/#aggregator   301
/docs/reference/env_vars   /docs/reference/cli/#environment-variables   301
/docs/usage/*   /docs/administration/:splat   301
/guides/getting-started/*   /docs/setup/quickstart   301
